ECB Vio#,Vio Issued Date,BIN-Occurrence,House# Occurrence,Street Occurrence,Boro-Occurrence,Com Bd-Occurrence,Vio Severity,Section of Law,Vio Standard Description,Vio Active,Infraction Code 1,LAT,LONG
35474905R,12/26/2020,1052434,1985,   3 AVENUE,MANHATTAN,111,CLASS - 1,AC    28-302.1,Failure to Maintain Building Walls,OPEN,104,40.7935700,-73.9428300
35488905Y,6/29/2021,2085500,6645,BROADWAY,BRONX,208,CLASS - 1,AC    28-302.1,Failure to Maintain Building Walls,OPEN,104,40.9098400,-73.8970000
35511063J,5/21/2021,3193107,2154,EAST    8 STREET,BROOKLYN,315,CLASS - 1,AC    28-302.1,Failure to Maintain Building Walls,OPEN,104,40.5967400,-73.9631000
35542967Y,12/28/2020,3331174,1710,AVENUE Y,BROOKLYN,315,CLASS - 1,AC    28-302.1,Failure to Maintain Building Walls,OPEN,104,40.5896300,-73.9522400
35542971R,1/4/2021,3323615,581,SARATOGA AVENUE,BROOKLYN,316,CLASS - 1,AC    28-302.1,Failure to Maintain Building Walls,OPEN,104,40.6668200,-73.9165000
35546498Z,1/21/2021,3043185,1079,DEKALB AVENUE,BROOKLYN,303,CLASS - 1,AC    28-302.1,Failure to Maintain Building Walls,OPEN,104,40.6937400,-73.9324000
35546565J,3/3/2021,3343260,765,LINCOLN AVENUE,BROOKLYN,305,CLASS - 1,AC    28-302.1,Failure to Maintain Building Walls,OPEN,104,40.6702400,-73.8658400
35548237J,2/16/2021,3319488,735,DEKALB AVENUE,BROOKLYN,303,CLASS - 1,AC    28-302.1,Failure to Maintain Building Walls,OPEN,104,40.6921200,-73.9469300
35548270L,3/19/2021,3046892,265,MALCOLM X BOULEVARD,BROOKLYN,303,CLASS - 1,AC    28-302.1,Failure to Maintain Building Walls,OPEN,104,40.6833400,-73.9288800
35548580R,3/11/2021,3142409,1060,  66 STREET,BROOKLYN,310,CLASS - 1,AC    28-302.1,Failure to Maintain Building Walls,OPEN,104,40.6282800,-74.0074100
35548705L,9/30/2021,1018470,114,EAST   32 STREET,MANHATTAN,105,CLASS - 1,AC    28-302.1,Failure to Maintain Building Walls,OPEN,104,40.7452800,-73.9816300
35549534K,3/11/2021,2009182,1655,UNDERCLIFF AVENUE,BRONX,205,CLASS - 1,28-302.5,Failure to Protect the Public,OPEN,1E4,40.8499200,-73.9219600
35549567R,1/7/2021,3425956,2928,WEST    5 STREET,BROOKLYN,313,CLASS - 1,AC    28-302.1,Failure to Maintain Building Walls,OPEN,104,40.5783700,-73.9733700
35553618J,3/10/2021,3399761,375GAR,ADELPHI STREET,BROOKLYN,302,CLASS - 1,AC    28-302.1,Failure to Maintain Building Walls,OPEN,104,40.6859600,-73.9702700
35553620Z,3/15/2021,2016621,2700,BAINBRIDGE AVENUE,BRONX,207,CLASS - 1,AC    28-302.1,Failure to Maintain Building Walls,OPEN,104,40.8655500,-73.8910300
35553777R,3/4/2021,2010898,1061,HOME STREET,BRONX,203,CLASS - 1,AC    28-302.1,Failure to Maintain Building Walls,OPEN,104,40.8283900,-73.8872100
35557692X,4/28/2021,2094956,524,VAN NEST AVENUE,BRONX,211,CLASS - 1,AC    28-302.1,Failure to Maintain Building Walls,OPEN,104,40.8411300,-73.8698700
35559823X,5/18/2022,3393877,349,METROPOLITAN AVENUE,BROOKLYN,301,CLASS - 1,AC    28-302.1,Failure to Maintain Building Walls,OPEN,104,40.7144500,-73.9562100
35559889Z,5/21/2021,2085500,6645,BROADWAY,BRONX,208,CLASS - 1,AC    28-302.1,Failure to Maintain Building Walls,OPEN,104,40.9098400,-73.8970000
35559895P,6/8/2021,2009182,1655,UNDERCLIFF AVENUE,BRONX,205,CLASS - 1,AC    28-302.1,Failure to Maintain Building Walls,OPEN,104,40.8499200,-73.9219600
35559937Y,7/8/2021,2005634,940,TIFFANY STREET,BRONX,202,CLASS - 1,AC    28-302.1,Failure to Maintain Building Walls,OPEN,104,40.8207100,-73.8945700
35560770J,5/12/2021,2016621,2700,BAINBRIDGE AVENUE,BRONX,207,CLASS - 1,AC    28-302.1,Failure to Maintain Building Walls,OPEN,104,40.8655500,-73.8910300
35560836N,4/23/2021,3343260,765,LINCOLN AVENUE,BROOKLYN,305,CLASS - 1,AC    28-302.1,Failure to Maintain Building Walls,OPEN,104,40.6702400,-73.8658400
35560906J,5/18/2021,3052111,357,JEFFERSON AVENUE,BROOKLYN,303,CLASS - 1,AC    28-302.1,Failure to Maintain Building Walls,OPEN,104,40.6842700,-73.9435000
35577152N,6/15/2021,,375,GARADELPHI STREET,BROOKLYN,   ,CLASS - 1,AC    28-302.1,Failure to Maintain Building Walls,OPEN,104,,
35577513J,6/15/2021,2053670,2758,HOLLAND AVENUE,BRONX,211,CLASS - 1,AC    28-302.1,Failure to Maintain Building Walls,OPEN,104,40.8676000,-73.8650500
35577606Z,6/5/2021,2005634,940,TIFFANY STREET,BRONX,202,CLASS - 1,AC    28-302.1,Failure to Maintain Building Walls,OPEN,104,40.8207100,-73.8945700
35577944L,11/1/2021,2011265,463,EAST  178 STREET,BRONX,206,CLASS - 1,28-302.5,Failure to Protect the Public,OPEN,1E4,40.8485600,-73.8975100
35577948Z,11/15/2021,1018470,114,EAST   32 STREET,MANHATTAN,105,CLASS - 1,AC    28-302.1,Failure to Maintain Building Walls,OPEN,104,40.7452800,-73.9816300
35578181R,6/3/2021,3319488,735,DEKALB AVENUE,BROOKLYN,303,CLASS - 1,AC    28-302.1,Failure to Maintain Building Walls,OPEN,104,40.6921200,-73.9469300
35578385Z,9/15/2021,3075660,135,MENAHAN STREET,BROOKLYN,304,CLASS - 1,AC    28-302.1,Failure to Maintain Building Walls,OPEN,104,40.6957800,-73.9197700
35580747J,7/8/2021,3391550,28,ST ANDREWS PLACE,BROOKLYN,303,CLASS - 1,AC    28-302.1,Failure to Maintain Building Walls,OPEN,104,40.6784900,-73.9433700
35581189Z,7/9/2021,3182058,1555,EAST   19 STREET,BROOKLYN,314,CLASS - 1,AC    28-302.1,Failure to Maintain Building Walls,OPEN,104,40.6121600,-73.9547400
35581627J,9/5/2021,3000092,57,JAY STREET,BROOKLYN,302,CLASS - 1,AC    28-302.1,Failure to Maintain Building Walls,OPEN,104,40.7029700,-73.9863600
35582261Z,6/28/2021,3052111,357,JEFFERSON AVENUE,BROOKLYN,303,CLASS - 1,AC    28-302.1,Failure to Maintain Building Walls,OPEN,104,40.6842700,-73.9435000
35584418R,8/30/2021,3391550,28,ST ANDREWS PLACE,BROOKLYN,303,CLASS - 1,AC    28-302.1,Failure to Maintain Building Walls,OPEN,104,40.6784900,-73.9433700
35584576M,7/19/2021,3319488,735,DEKALB AVENUE,BROOKLYN,303,CLASS - 1,AC    28-302.1,Failure to Maintain Building Walls,OPEN,104,40.6921200,-73.9469300
35586779L,8/2/2021,3426844,33,NEVINS STREET,BROOKLYN,302,CLASS - 1,AC    28-302.1,Failure to Maintain Building Walls,OPEN,104,40.6876100,-73.9813900
35587088R,8/16/2021,3008453,721,HENRY STREET,BROOKLYN,306,CLASS - 1,AC    28-302.1,Failure to Maintain Building Walls,OPEN,104,40.6763000,-74.0029100
35588653P,8/10/2021,2011265,463,EAST  178 STREET,BRONX,206,CLASS - 1,28-302.5,Failure to Protect the Public,OPEN,1E4,40.8485600,-73.8975100
35588709P,8/21/2021,3138079,5000,  14 AVENUE,BROOKLYN,312,CLASS - 1,AC    28-302.1,Failure to Maintain Building Walls,OPEN,104,40.6330900,-73.9909600
35588711Y,2/8/2022,3413812,31,KOSCIUSZKO STREET,BROOKLYN,303,CLASS - 1,AC    28-302.1,Failure to Maintain Building Walls,OPEN,104,40.6905400,-73.9541000
35588717P,3/7/2022,1076680,435,WEST  116 STREET,MANHATTAN,109,CLASS - 1,28-302.5,Failure to Protect the Public,OPEN,1E4,40.8068700,-73.9598800
35589005L,9/7/2021,2005682,1049,FOX STREET,BRONX,202,CLASS - 1,AC    28-302.1,Failure to Maintain Building Walls,OPEN,104,40.8251900,-73.8941700
35589015P,9/15/2021,1069566,312,EAST   30 STREET,MANHATTAN,106,CLASS - 1,AC    28-302.1,Failure to Maintain Building Walls,OPEN,104,40.7417200,-73.9770300
35589019M,9/16/2021,1006005,417,EAST   12 STREET,MANHATTAN,103,CLASS - 1,AC    28-302.1,Failure to Maintain Building Walls,OPEN,104,40.7298400,-73.9825100
35592003P,8/20/2021,3052111,357,JEFFERSON AVENUE,BROOKLYN,303,CLASS - 1,AC    28-302.1,Failure to Maintain Building Walls,OPEN,104,40.6842700,-73.9435000
35631650K,11/10/2021,3117904,2409,BEVERLEY ROAD,BROOKLYN,317,CLASS - 1,AC    28-302.1,Failure to Maintain Building Walls,OPEN,104,40.6450500,-73.9543100
35631763R,11/20/2021,3392477,452,BERRY STREET,BROOKLYN,301,CLASS - 1,AC    28-302.1,Failure to Maintain Building Walls,OPEN,104,40.7078100,-73.9663900
35631782M,9/27/2021,2016621,2700,BAINBRIDGE AVENUE,BRONX,207,CLASS - 1,AC    28-302.1,Failure to Maintain Building Walls,OPEN,104,40.8655500,-73.8910300
35631832L,10/19/2021,3000092,57,JAY STREET,BROOKLYN,302,CLASS - 1,AC    28-302.1,Failure to Maintain Building Walls,OPEN,104,40.7029700,-73.9863600
35635148N,12/8/2021,3251647,39,AUBURN PLACE,BROOKLYN,302,CLASS - 1,AC    28-302.1,Failure to Maintain Building Walls,OPEN,104,40.6955000,-73.9768200
35635157P,11/23/2021,2016449,325,EAST  201 STREET,BRONX,207,CLASS - 1,28-302.5,Failure to Protect the Public,OPEN,1E4,40.8704800,-73.8828100
35635234J,12/7/2021,2083245,2500,JOHNSON AVENUE,BRONX,208,CLASS - 1,28-302.5,Failure to Protect the Public,OPEN,1E4,40.8767600,-73.9177300
35635292H,11/29/2021,2005682,1049,FOX STREET,BRONX,202,CLASS - 1,AC    28-302.1,Failure to Maintain Building Walls,OPEN,104,40.8251900,-73.8941700
35635525J,10/4/2021,2005634,940,TIFFANY STREET,BRONX,202,CLASS - 1,AC    28-302.1,Failure to Maintain Building Walls,OPEN,104,40.8207100,-73.8945700
35635529R,10/13/2021,2015522,2770,KINGSBRIDGE TERRACE,BRONX,208,CLASS - 1,AC    28-302.1,Failure to Maintain Building Walls,OPEN,104,40.8730100,-73.9027600
35635533J,10/27/2021,3335928,100,HENRY STREET,BROOKLYN,302,CLASS - 1,AC    28-302.1,Failure to Maintain Building Walls,OPEN,104,40.6978500,-73.9934200
35635740M,10/22/2021,3391550,28,ST ANDREWS PLACE,BROOKLYN,303,CLASS - 1,AC    28-302.1,Failure to Maintain Building Walls,OPEN,104,40.6784900,-73.9433700
35636193R,12/15/2021,3391550,28,ST ANDREWS PLACE,BROOKLYN,303,CLASS - 1,AC    28-302.1,Failure to Maintain Building Walls,OPEN,104,40.6784900,-73.9433700
35636195K,12/16/2021,3000092,57,JAY STREET,BROOKLYN,302,CLASS - 1,AC    28-302.1,Failure to Maintain Building Walls,OPEN,104,40.7029700,-73.9863600
35640187M,1/21/2022,2016449,325,EAST  201 STREET,BRONX,207,CLASS - 1,28-302.5,Failure to Protect the Public,OPEN,1E4,40.8704800,-73.8828100
35640219H,3/2/2022,3328018,585,BLAKE AVENUE,BROOKLYN,305,CLASS - 1,28-302.5,Failure to Protect the Public,OPEN,1E4,40.6682400,-73.8974500
35640224M,3/14/2022,2005682,1049,FOX STREET,BRONX,202,CLASS - 1,AC    28-302.1,Failure to Maintain Building Walls,OPEN,104,40.8251900,-73.8941700
35640239P,4/9/2022,3237617,6910,AVENUE U,BROOKLYN,318,CLASS - 1,28-302.5,Failure to Protect the Public,OPEN,1E4,40.6186800,-73.9081600
35640262N,11/27/2021,2015522,2770,KINGSBRIDGE TERRACE,BRONX,208,CLASS - 1,AC    28-302.1,Failure to Maintain Building Walls,OPEN,104,40.8730100,-73.9027600
35640338K,2/2/2022,3167929,8714,  21 AVENUE,BROOKLYN,311,CLASS - 1,AC    28-302.1,Failure to Maintain Building Walls,OPEN,104,40.6011100,-73.9987100
35640340J,2/2/2022,3251647,39,AUBURN PLACE,BROOKLYN,302,CLASS - 1,AC    28-302.1,Failure to Maintain Building Walls,OPEN,104,40.6955000,-73.9768200
35640388Z,2/15/2022,2008721,1601,MACOMBS ROAD,BRONX,205,CLASS - 1,AC    28-302.1,Failure to Maintain Building Walls,OPEN,104,40.8460500,-73.9175200
35640458P,1/19/2022,2015522,2770,KINGSBRIDGE TERRACE,BRONX,208,CLASS - 1,AC    28-302.1,Failure to Maintain Building Walls,OPEN,104,40.8730100,-73.9027600
35640588N,12/17/2021,3167929,8714,  21 AVENUE,BROOKLYN,311,CLASS - 1,AC    28-302.1,Failure to Maintain Building Walls,OPEN,104,40.6011100,-73.9987100
35643788L,7/5/2022,1062452,736,RIVERSIDE DRIVE,MANHATTAN,109,CLASS - 1,AC    28-302.1,Failure to Maintain Building Walls,OPEN,104,40.8306300,-73.9492300
35644220N,1/31/2022,3392477,452,BERRY STREET,BROOKLYN,301,CLASS - 1,AC    28-302.1,Failure to Maintain Building Walls,OPEN,104,40.7078100,-73.9663900
35644440P,3/24/2022,3391550,28,ST ANDREWS PLACE,BROOKLYN,303,CLASS - 1,AC    28-302.1,Failure to Maintain Building Walls,OPEN,104,40.6784900,-73.9433700
35647209X,4/2/2022,3167929,8714,  21 AVENUE,BROOKLYN,311,CLASS - 1,AC    28-302.1,Failure to Maintain Building Walls,OPEN,104,40.6011100,-73.9987100
35647453H,2/10/2022,2004223,530,EAST  169 STREET,BRONX,203,CLASS - 1,AC    28-302.1,Failure to Maintain Building Walls,OPEN,104,40.8319600,-73.9047500
35647545P,4/11/2022,2002747,1166,GRAND CONCOURSE,BRONX,204,CLASS - 1,AC    28-302.1,Failure to Maintain Building Walls,OPEN,104,40.8336000,-73.9179200
35647581M,2/10/2022,2002822,1000,GRAND CONCOURSE,BRONX,204,CLASS - 1,AC    28-302.1,Failure to Maintain Building Walls,OPEN,104,40.8296300,-73.9204300
35647583X,2/15/2022,2011182,406,EAST  184 STREET,BRONX,206,CLASS - 1,AC    28-302.1,Failure to Maintain Building Walls,OPEN,104,40.8564000,-73.8947500
35651122P,4/11/2022,3413812,31,KOSCIUSZKO STREET,BROOKLYN,303,CLASS - 1,28-302.5,Failure to Protect the Public,OPEN,1E4,40.6905400,-73.9541000
35651123R,4/11/2022,3413812,31,KOSCIUSZKO STREET,BROOKLYN,303,CLASS - 1,AC    28-302.1,Failure to Maintain Building Walls,OPEN,104,40.6905400,-73.9541000
35651145H,6/3/2022,1052285,123,EAST  116 STREET,MANHATTAN,111,CLASS - 1,28-302.5,Failure to Protect the Public,OPEN,1E4,40.7991000,-73.9419900
35651204Z,4/21/2022,3320934,3020,AVENUE Y,BROOKLYN,315,CLASS - 1,28-302.5,Failure to Protect the Public,OPEN,1E4,40.5913600,-73.9362900
35651205K,4/21/2022,3320934,3020,AVENUE Y,BROOKLYN,315,CLASS - 1,AC    28-302.1,Failure to Maintain Building Walls,OPEN,104,40.5913600,-73.9362900
35651207Y,4/21/2022,3320933,2533,BATCHELDER STREET,BROOKLYN,315,CLASS - 1,AC    28-302.1,Failure to Maintain Building Walls,OPEN,104,40.5913600,-73.9362900
35651209H,4/21/2022,3320933,2533,BATCHELDER STREET,BROOKLYN,315,CLASS - 1,28-302.5,Failure to Protect the Public,OPEN,1E4,40.5913600,-73.9362900
35651210P,4/29/2022,3320932,2525,BATCHELDER STREET,BROOKLYN,315,CLASS - 1,28-302.5,Failure to Protect the Public,OPEN,1E4,40.5913600,-73.9362900
35651341P,6/9/2022,2092077,1432,WEBSTER AVENUE,BRONX,203,CLASS - 1,AC    28-302.1,Failure to Maintain Building Walls,OPEN,104,40.8371200,-73.9060300
35651574X,6/28/2022,3327720,604,WINTHROP STREET,BROOKLYN,309,CLASS - 1,AC    28-302.1,Failure to Maintain Building Walls,OPEN,104,40.6566300,-73.9441500
35663707Z,7/14/2022,3396918,2833,OCEAN PARKWAY,BROOKLYN,313,CLASS - 1,28-302.5,Failure to Protect the Public,OPEN,1E4,40.5806400,-73.9670000
35664026H,7/28/2022,2002796,888,GRAND CONCOURSE,BRONX,204,CLASS - 1,AC    28-302.1,Failure to Maintain Building Walls,OPEN,104,40.8263100,-73.9221300
35664179Z,9/9/2022,1009738,286,SPRING STREET,MANHATTAN,102,CLASS - 1,AC    28-302.1,Failure to Maintain Building Walls,OPEN,104,40.7256400,-74.0071300
35664258R,9/8/2022,3163921,2155,  82 STREET,BROOKLYN,311,CLASS - 1,AC    28-302.1,Failure to Maintain Building Walls,OPEN,104,40.6048100,-73.9919700
35664286Y,9/13/2022,2110145,3535,KINGS COLLEGE PLACE,BRONX,207,CLASS - 1,28-302.5,Failure to Protect the Public,OPEN,1E4,40.8810300,-73.8758400
35664288H,9/13/2022,2114451,89,WEST TREMONT AVENUE,BRONX,205,CLASS - 1,28-302.5,Failure to Protect the Public,OPEN,1E4,40.8505900,-73.9127400
35664559K,11/1/2022,2003052,1038,ANDERSON AVENUE,BRONX,204,CLASS - 1,AC    28-302.1,Failure to Maintain Building Walls,OPEN,104,40.8332400,-73.9259200
35665133H,1/11/2023,3335470,11,BARTLETT STREET,BROOKLYN,301,CLASS - 1,AC    28-302.1,Failure to Maintain Building Walls,OPEN,104,40.7002700,-73.9486400
35665666K,12/9/2022,3149889,510,  77 STREET,BROOKLYN,310,CLASS - 1,AC    28-302.1,Failure to Maintain Building Walls,OPEN,104,40.6276500,-74.0229600
35667005M,7/12/2023,2001853,333,EAST  150 STREET,BRONX,201,CLASS - 1,AC    28-302.1,Failure to Maintain Building Walls,OPEN,104,40.8176200,-73.9198500
35669215J,12/2/2022,1052285,123,EAST  116 STREET,MANHATTAN,111,CLASS - 1,28-302.5,Failure to Protect the Public,OPEN,1E4,40.7991000,-73.9419900
35669282J,10/31/2022,3116695,171,LINDEN BOULEVARD,BROOKLYN,317,CLASS - 1,AC    28-302.1,Failure to Maintain Building Walls,OPEN,104,40.6528200,-73.9521400
35669290J,11/5/2022,1060064,143,WEST  140 STREET,MANHATTAN,110,CLASS - 1,AC    28-302.1,Failure to Maintain Building Walls,OPEN,104,40.8179500,-73.9395800
35669532N,12/20/2022,3321409,620,EAST  108 STREET,BROOKLYN,318,CLASS - 1,28-302.5,Failure to Protect the Public,OPEN,1E4,40.6504500,-73.8961000
35669559N,12/9/2022,2015260,2685,UNIVERSITY AVENUE,BRONX,208,CLASS - 1,AC    28-302.1,Failure to Maintain Building Walls,OPEN,104,40.8687900,-73.9012300
35670289K,2/13/2023,2015260,2685,UNIVERSITY AVENUE,BRONX,208,CLASS - 1,AC    28-302.1,Failure to Maintain Building Walls,OPEN,104,40.8687900,-73.9012300
35670433X,2/2/2023,1014417,254,WEST   35 STREET,MANHATTAN,105,CLASS - 1,AC    28-302.1,Failure to Maintain Building Walls,OPEN,104,40.7523500,-73.9923600
35670650M,2/14/2023,3128143,250,PARKVILLE AVENUE,BROOKLYN,314,CLASS - 1,AC    28-302.1,Failure to Maintain Building Walls,OPEN,104,40.6315100,-73.9696400
35670767X,8/2/2023,3392255,405,FLUSHING AVENUE,BROOKLYN,301,CLASS - 1,AC    28-302.1,Failure to Maintain Building Walls,OPEN,104,40.6988800,-73.9586200
35670795N,4/28/2023,3002054,98,MONTAGUE STREET,BROOKLYN,302,CLASS - 1,AC    28-302.1,Failure to Maintain Building Walls,OPEN,104,40.6948200,-73.9957900
35670828K,3/1/2023,1012385,508,WEST   26 STREET,MANHATTAN,104,CLASS - 1,28-302.5,Failure to Protect the Public,OPEN,1E4,40.7497600,-74.0037500
35671071M,11/28/2023,3048072,1545,ATLANTIC AVENUE,BROOKLYN,303,CLASS - 1,AC    28-302.1,Failure to Maintain Building Walls,OPEN,104,40.6784300,-73.9375900
35671142K,7/19/2023,2017145,2842,GRAND CONCOURSE,BRONX,207,CLASS - 2,28-302.4,Failure to File Facade Technical Report,OPEN,230,40.8697400,-73.8908100
35674540J,11/3/2023,1060193,2515,   7 AVENUE,MANHATTAN,110,CLASS - 1,AC    28-302.1,Failure to Maintain Building Walls,OPEN,104,40.8219300,-73.9383500
35675121J,10/25/2023,2008313,1460,MACOMBS ROAD,BRONX,204,CLASS - 1,AC    28-302.1,Failure to Maintain Building Walls,OPEN,104,40.8418500,-73.9174900
35675208M,11/15/2023,3184662,3165,NOSTRAND AVENUE,BROOKLYN,315,CLASS - 1,28-302.5,Failure to Protect the Public,OPEN,1E4,40.6067000,-73.9427400
35675238N,10/17/2023,3122175,176,SEELEY STREET,BROOKLYN,307,CLASS - 1,AC    28-302.1,Failure to Maintain Building Walls,OPEN,104,40.6544300,-73.9758800
35675283M,11/27/2023,2003053,1055,JEROME AVENUE,BRONX,204,CLASS - 1,AC    28-302.1,Failure to Maintain Building Walls,OPEN,104,40.8331000,-73.9254500
35675286H,11/28/2023,1012885,449,WEST   36 STREET,MANHATTAN,104,CLASS - 1,AC    28-302.1,Failure to Maintain Building Walls,OPEN,104,40.7558000,-73.9974800
35675430N,11/20/2023,1012859,419,WEST   34 STREET,MANHATTAN,104,CLASS - 1,28-302.5,Failure to Protect the Public,OPEN,1E4,40.7541400,-73.9970900
35675431P,11/28/2023,1014417,254,WEST   35 STREET,MANHATTAN,105,CLASS - 1,AC    28-302.1,Failure to Maintain Building Walls,OPEN,104,40.7523500,-73.9923600
35675440R,11/27/2023,3116719,61,MARTENSE STREET,BROOKLYN,314,CLASS - 1,AC    28-302.1,Failure to Maintain Building Walls,OPEN,104,40.6516000,-73.9569900
35675441Z,12/6/2023,3394277,525,KENT AVENUE,BROOKLYN,301,CLASS - 1,AC    28-302.1,Failure to Maintain Building Walls,OPEN,104,40.7056000,-73.9676100
35675444Y,12/6/2023,3348311,580,WYTHE AVENUE,BROOKLYN,301,CLASS - 1,AC    28-302.1,Failure to Maintain Building Walls,OPEN,104,40.7054800,-73.9672500
35675565K,12/4/2023,1008186,26,BLEECKER STREET,MANHATTAN,102,CLASS - 1,AC    28-302.1,Failure to Maintain Building Walls,OPEN,104,40.7254100,-73.9936400
37021154X,4/1/2021,1014958,108,WEST   24 STREET,MANHATTAN,104,CLASS - 2,28-302.4,Failure to File Facade Technical Report,OPEN,230,40.7436400,-73.9930900
37021156J,4/1/2021,1043870,250,EAST   65 STREET,MANHATTAN,108,CLASS - 2,28-302.4,Failure to File Facade Technical Report,OPEN,230,40.7641800,-73.9621400
37021177Z,4/1/2021,2114451,91,WEST TREMONT AVENUE,BRONX,205,CLASS - 2,28-302.4,Failure to File Facade Technical Report,OPEN,230,40.8505900,-73.9127400
37021178K,4/1/2021,2110145,3535,KINGS COLLEGE PLACE,BRONX,207,CLASS - 2,28-302.4,Failure to File Facade Technical Report,OPEN,230,40.8810300,-73.8758400
37021193Z,4/1/2021,3131067,1275,EAST    5 STREET,BROOKLYN,312,CLASS - 2,28-302.4,Failure to File Facade Technical Report,OPEN,230,40.6197100,-73.9705100
37021200H,4/1/2021,3163921,2155,  82 STREET,BROOKLYN,311,CLASS - 2,28-302.4,Failure to File Facade Technical Report,OPEN,230,40.6048100,-73.9919700
37021201J,4/1/2021,3157507,7002,BAY PARKWAY,BROOKLYN,311,CLASS - 2,28-302.4,Failure to File Facade Technical Report,OPEN,230,40.6109000,-73.9849700
37021240M,4/1/2021,2008144,1501,TOWNSEND AVENUE,BRONX,204,CLASS - 2,28-302.4,Failure to File Facade Technical Report,OPEN,230,40.8423300,-73.9153700
37021248R,4/1/2021,3394277,525,KENT AVENUE,BROOKLYN,301,CLASS - 2,28-302.4,Failure to File Facade Technical Report,OPEN,230,40.7056000,-73.9676100
37021259M,4/1/2021,3251719,589,FLUSHING AVENUE,BROOKLYN,301,CLASS - 2,28-302.4,Failure to File Facade Technical Report,OPEN,230,40.6998900,-73.9511900
37021260J,4/1/2021,3251720,587,FLUSHING AVENUE,BROOKLYN,301,CLASS - 2,28-302.4,Failure to File Facade Technical Report,OPEN,230,40.6998700,-73.9512800
37021267M,4/1/2021,3388749,290,WALLABOUT STREET,BROOKLYN,301,CLASS - 2,28-302.4,Failure to File Facade Technical Report,OPEN,230,40.7001600,-73.9512900
37021268Y,4/1/2021,3399869,8,LYNCH STREET,BROOKLYN,301,CLASS - 2,28-302.4,Failure to File Facade Technical Report,OPEN,230,40.6999800,-73.9567600
37021298P,6/1/2021,1063259,625,WEST  156 STREET,MANHATTAN,112,CLASS - 2,28-302.4,Failure to File Facade Technical Report,OPEN,230,40.8342700,-73.9467300
37021324J,6/1/2021,1057082,781,WEST END AVENUE,MANHATTAN,107,CLASS - 2,28-302.4,Failure to File Facade Technical Report,OPEN,230,40.7968500,-73.9724100
37021326N,6/1/2021,1056657,960,AMSTERDAM AVENUE,MANHATTAN,107,CLASS - 2,28-302.4,Failure to File Facade Technical Report,OPEN,230,40.8013700,-73.9654300
37021344R,6/1/2021,1061706,880,ST NICHOLAS AVENUE,MANHATTAN,109,CLASS - 2,28-302.4,Failure to File Facade Technical Report,OPEN,230,40.8299100,-73.9413700
37021430N,6/1/2021,1025421,360,WEST   55 STREET,MANHATTAN,104,CLASS - 2,28-302.4,Failure to File Facade Technical Report,OPEN,230,40.7662300,-73.9864100
37021441Z,6/1/2021,1012397,520,WEST   27 STREET,MANHATTAN,104,CLASS - 2,28-302.4,Failure to File Facade Technical Report,OPEN,230,40.7505200,-74.0036500
37021462H,6/1/2021,1051794,1569,LEXINGTON AVENUE,MANHATTAN,111,CLASS - 2,28-302.4,Failure to File Facade Technical Report,OPEN,230,40.7885700,-73.9486200
37021489H,6/1/2021,1053262,2,WEST  120 STREET,MANHATTAN,110,CLASS - 2,28-302.4,Failure to File Facade Technical Report,OPEN,230,40.8031800,-73.9450900
37021548Z,6/1/2021,2083135,226,KIMBERLY PLACE,BRONX,208,CLASS - 2,28-302.4,Failure to File Facade Technical Report,OPEN,230,40.8778700,-73.9065700
37021562P,6/1/2021,2071760,4769,WHITE PLAINS ROAD,BRONX,212,CLASS - 2,28-302.4,Failure to File Facade Technical Report,OPEN,230,40.9054400,-73.8498500
37021572Z,6/1/2021,3116112,20,CROOKE AVENUE,BROOKLYN,314,CLASS - 2,28-302.4,Failure to File Facade Technical Report,OPEN,230,40.6517800,-73.9643500
37021584X,6/1/2021,3184124,2350,OCEAN AVENUE,BROOKLYN,315,CLASS - 2,28-302.4,Failure to File Facade Technical Report,OPEN,230,40.6044500,-73.9527900
37021586J,6/1/2021,3151695,8105,   4 AVENUE,BROOKLYN,310,CLASS - 2,28-302.4,Failure to File Facade Technical Report,OPEN,230,40.6258800,-74.0267200
37021595L,6/1/2021,3002538,142,JORALEMON STREET,BROOKLYN,302,CLASS - 2,28-302.4,Failure to File Facade Technical Report,OPEN,230,40.6927000,-73.9935800
37021623J,6/1/2021,2004191,1051,BOSTON ROAD,BRONX,203,CLASS - 2,28-302.4,Failure to File Facade Technical Report,OPEN,230,40.8267300,-73.9061600
37021633N,6/1/2021,1006005,417,EAST   12 STREET,MANHATTAN,103,CLASS - 2,28-302.4,Failure to File Facade Technical Report,OPEN,230,40.7298400,-73.9825100
37021645K,6/1/2021,2015864,2805,HEATH AVENUE,BRONX,208,CLASS - 2,28-302.4,Failure to File Facade Technical Report,OPEN,230,40.8730000,-73.9047700
37021653K,6/1/2021,1007576,549,BROADWAY,MANHATTAN,102,CLASS - 2,28-302.4,Failure to File Facade Technical Report,OPEN,230,40.7239200,-73.9986500
37021654M,6/1/2021,1007556,75,SPRING STREET,MANHATTAN,102,CLASS - 2,28-302.4,Failure to File Facade Technical Report,OPEN,230,40.7227800,-73.9976800
37021655Y,6/1/2021,1007503,211,MOTT STREET,MANHATTAN,102,CLASS - 2,28-302.4,Failure to File Facade Technical Report,OPEN,230,40.7219600,-73.9955400
37021662M,6/1/2021,2013280,1016,BRONX PARK SOUTH,BRONX,206,CLASS - 2,28-302.4,Failure to File Facade Technical Report,OPEN,230,40.8435400,-73.8783000
37021690J,6/1/2021,2014206,17,WEST  182 STREET,BRONX,205,CLASS - 2,28-302.4,Failure to File Facade Technical Report,OPEN,230,40.8574900,-73.9052600
37021696K,6/1/2021,3394276,535,KENT AVENUE,BROOKLYN,301,CLASS - 2,28-302.4,Failure to File Facade Technical Report,OPEN,230,40.7053100,-73.9675000
37021700Y,6/1/2021,3393877,349,METROPOLITAN AVENUE,BROOKLYN,301,CLASS - 2,28-302.4,Failure to File Facade Technical Report,OPEN,230,40.7144500,-73.9562100
37021707R,6/1/2021,3394166,3064,CONEY ISLAND AVENUE,BROOKLYN,313,CLASS - 2,28-302.4,Failure to File Facade Technical Report,OPEN,230,40.5813600,-73.9602400
37021713N,6/1/2021,3399868,18,LYNCH STREET,BROOKLYN,301,CLASS - 2,28-302.4,Failure to File Facade Technical Report,OPEN,230,40.7001400,-73.9565000
37021726M,6/1/2021,3330875,20,GRAND AVENUE,BROOKLYN,302,CLASS - 2,28-302.4,Failure to File Facade Technical Report,OPEN,230,40.6968500,-73.9650000
37021729H,6/1/2021,3245026,40,BRIGHTON    1 ROAD,BROOKLYN,313,CLASS - 2,28-302.4,Failure to File Facade Technical Report,OPEN,230,40.5754800,-73.9671100
37021730P,6/1/2021,3205069,3025,OCEAN AVENUE,BROOKLYN,315,CLASS - 2,28-302.4,Failure to File Facade Technical Report,OPEN,230,40.5873800,-73.9487600
37021731R,6/1/2021,3210667,1921,OCEAN AVENUE,BROOKLYN,314,CLASS - 2,28-302.4,Failure to File Facade Technical Report,OPEN,230,40.6150600,-73.9539900
37021732Z,6/1/2021,3210674,2016,AVENUE N,BROOKLYN,314,CLASS - 2,28-302.4,Failure to File Facade Technical Report,OPEN,230,40.6159500,-73.9537900
37021736X,6/1/2021,3245026,50,BRIGHTON    1 ROAD,BROOKLYN,313,CLASS - 2,28-302.4,Failure to File Facade Technical Report,OPEN,230,40.5754800,-73.9671100
37021739L,6/1/2021,3348311,580,WYTHE AVENUE,BROOKLYN,301,CLASS - 2,28-302.4,Failure to File Facade Technical Report,OPEN,230,40.7054800,-73.9672500
37021744X,6/1/2021,3388302,1811,AVENUE P,BROOKLYN,314,CLASS - 2,28-302.4,Failure to File Facade Technical Report,OPEN,230,40.6110400,-73.9553300
37021824X,6/1/2021,3131067,1293,EAST    5 STREET,BROOKLYN,312,CLASS - 2,28-302.4,Failure to File Facade Technical Report,OPEN,230,40.6197100,-73.9705100
37022046N,10/8/2021,1065040,83,PARK TERRACE WEST,MANHATTAN,112,CLASS - 2,AC    28-302.5,Failure to File Amended Facade Technical Report,OPEN,227,40.8718900,-73.9170200
37022078H,10/8/2021,2004191,1051,BOSTON ROAD,BRONX,203,CLASS - 2,AC    28-302.5,Failure to File Amended Facade Technical Report,OPEN,227,40.8267300,-73.9061600
37022115H,10/8/2021,1017088,48,EAST   34 STREET,MANHATTAN,105,CLASS - 2,AC    28-302.5,Failure to File Amended Facade Technical Report,OPEN,227,40.7472300,-73.9824200
37022170K,10/8/2021,1008223,54,BLEECKER STREET,MANHATTAN,102,CLASS - 2,AC    28-302.5,Failure to File Amended Facade Technical Report,OPEN,227,40.7258300,-73.9949900
37022182H,10/8/2021,1015094,146,WEST   28 STREET,MANHATTAN,105,CLASS - 2,AC    28-302.5,Failure to File Amended Facade Technical Report,OPEN,227,40.7466800,-73.9926200
37022239J,10/8/2021,1058613,2294,   8 AVENUE,MANHATTAN,110,CLASS - 2,AC    28-302.5,Failure to File Amended Facade Technical Report,OPEN,227,40.8089600,-73.9516500
37022286M,10/8/2021,1030419,2067,BROADWAY,MANHATTAN,107,CLASS - 2,AC    28-302.5,Failure to File Amended Facade Technical Report,OPEN,227,40.7784000,-73.9824100
37022299L,10/8/2021,3326603,1381,LINDEN BOULEVARD,BROOKLYN,316,CLASS - 2,AC    28-302.5,Failure to File Amended Facade Technical Report,OPEN,227,40.6553300,-73.9092700
37022300J,10/8/2021,3326602,1371,LINDEN BOULEVARD,BROOKLYN,316,CLASS - 2,AC    28-302.5,Failure to File Amended Facade Technical Report,OPEN,227,40.6553300,-73.9092700
37022329N,10/8/2021,3379187,115,LINCOLN ROAD,BROOKLYN,309,CLASS - 2,AC    28-302.5,Failure to File Amended Facade Technical Report,OPEN,227,40.6614600,-73.9586600
37022367Y,10/8/2021,3337265,2475,WEST   16 STREET,BROOKLYN,313,CLASS - 2,AC    28-302.5,Failure to File Amended Facade Technical Report,OPEN,227,40.5868000,-73.9844000
37022368X,10/8/2021,3337265,2475,WEST   16 STREET,BROOKLYN,313,CLASS - 2,AC    28-302.5,Failure to File Amended Facade Technical Report,OPEN,227,40.5868000,-73.9844000
37022383Y,10/8/2021,2012651,730,OAKLAND PLACE,BRONX,206,CLASS - 2,AC    28-302.5,Failure to File Amended Facade Technical Report,OPEN,227,40.8463600,-73.8881800
37022397P,10/8/2021,2051242,2410,BARKER AVENUE,BRONX,211,CLASS - 2,AC    28-302.5,Failure to File Amended Facade Technical Report,OPEN,227,40.8619800,-73.8689300
37022410K,10/8/2021,3002054,98,MONTAGUE STREET,BROOKLYN,302,CLASS - 2,AC    28-302.5,Failure to File Amended Facade Technical Report,OPEN,227,40.6948200,-73.9957900
37022423J,10/8/2021,3153255,675,  86 STREET,BROOKLYN,310,CLASS - 2,AC    28-302.5,Failure to File Amended Facade Technical Report,OPEN,227,40.6195300,-74.0223900
37022765J,10/19/2022,1059297,285,ST NICHOLAS AVENUE,MANHATTAN,109,CLASS - 2,28-302.4,Failure to File Facade Technical Report,OPEN,230,40.8104200,-73.9532700
37022767N,10/19/2022,1063919,130,WADSWORTH AVENUE,MANHATTAN,112,CLASS - 2,28-302.4,Failure to File Facade Technical Report,OPEN,230,40.8491000,-73.9358700
37022774L,10/19/2022,1064132,34,BOGARDUS PLACE,MANHATTAN,112,CLASS - 2,28-302.4,Failure to File Facade Technical Report,OPEN,230,40.8595000,-73.9286700
37022776P,10/19/2022,1063921,661,WEST  180 STREET,MANHATTAN,112,CLASS - 2,28-302.4,Failure to File Facade Technical Report,OPEN,230,40.8495900,-73.9358800
37022793R,10/19/2022,1046616,1058,MADISON AVENUE,MANHATTAN,108,CLASS - 2,28-302.4,Failure to File Facade Technical Report,OPEN,230,40.7773100,-73.9618400
37022800X,10/19/2022,1073089,111,EAST   88 STREET,MANHATTAN,108,CLASS - 2,28-302.4,Failure to File Facade Technical Report,OPEN,230,40.7812600,-73.9551500
37022804N,10/19/2022,1057082,781,WEST END AVENUE,MANHATTAN,107,CLASS - 2,28-302.4,Failure to File Facade Technical Report,OPEN,230,40.7968500,-73.9724100
37022815Z,10/19/2022,1054517,209,EAST  118 STREET,MANHATTAN,111,CLASS - 2,28-302.4,Failure to File Facade Technical Report,OPEN,230,40.7991900,-73.9383300
37022825M,10/19/2022,2016026,3855,ORLOFF AVENUE,BRONX,208,CLASS - 2,28-302.4,Failure to File Facade Technical Report,OPEN,230,40.8841700,-73.8965100
37022830R,10/19/2022,2011182,406,EAST  184 STREET,BRONX,206,CLASS - 2,28-302.4,Failure to File Facade Technical Report,OPEN,230,40.8564000,-73.8947500
37022834Y,10/19/2022,2008719,1515,MACOMBS ROAD,BRONX,204,CLASS - 2,28-302.4,Failure to File Facade Technical Report,OPEN,230,40.8441000,-73.9178200
37022854L,10/19/2022,2002822,1000,GRAND CONCOURSE,BRONX,204,CLASS - 2,28-302.4,Failure to File Facade Technical Report,OPEN,230,40.8296300,-73.9204300
37022876M,10/19/2022,2004191,1051,BOSTON ROAD,BRONX,203,CLASS - 2,28-302.4,Failure to File Facade Technical Report,OPEN,230,40.8267300,-73.9061600
37022939K,10/19/2022,1006005,417,EAST   12 STREET,MANHATTAN,103,CLASS - 2,28-302.4,Failure to File Facade Technical Report,OPEN,230,40.7298400,-73.9825100
37022957Y,10/19/2022,2071760,4769,WHITE PLAINS ROAD,BRONX,212,CLASS - 2,28-302.4,Failure to File Facade Technical Report,OPEN,230,40.9054400,-73.8498500
37022996R,10/19/2022,3390250,234,SKILLMAN AVENUE,BROOKLYN,301,CLASS - 2,28-302.4,Failure to File Facade Technical Report,OPEN,230,40.7159800,-73.9416400
37023007P,10/19/2022,3389358,417,FLUSHING AVENUE,BROOKLYN,301,CLASS - 2,28-302.4,Failure to File Facade Technical Report,OPEN,230,40.6989900,-73.9583700
37023010X,10/19/2022,3392255,405,FLUSHING AVENUE,BROOKLYN,301,CLASS - 2,28-302.4,Failure to File Facade Technical Report,OPEN,230,40.6988800,-73.9586200
37023023P,10/19/2022,1051794,1569,LEXINGTON AVENUE,MANHATTAN,111,CLASS - 2,28-302.4,Failure to File Facade Technical Report,OPEN,230,40.7885700,-73.9486200
37023034K,10/19/2022,2083135,226,KIMBERLY PLACE,BRONX,208,CLASS - 2,28-302.4,Failure to File Facade Technical Report,OPEN,230,40.8778700,-73.9065700
37023036Y,10/19/2022,3336554,557,AVENUE Z,BROOKLYN,313,CLASS - 2,28-302.4,Failure to File Facade Technical Report,OPEN,230,40.5863100,-73.9731100
37023037X,10/19/2022,2008741,1551,SHAKESPEARE AVENUE,BRONX,205,CLASS - 2,28-302.4,Failure to File Facade Technical Report,OPEN,230,40.8457600,-73.9195500
37023046H,10/19/2022,3388745,189,FRANKLIN AVENUE,BROOKLYN,303,CLASS - 2,28-302.4,Failure to File Facade Technical Report,OPEN,230,40.6931100,-73.9574600
37023053X,10/19/2022,3390791,260,SKILLMAN STREET,BROOKLYN,303,CLASS - 2,28-302.4,Failure to File Facade Technical Report,OPEN,230,40.6902900,-73.9565300
37023075R,10/19/2022,3348907,173,FRANKLIN AVENUE,BROOKLYN,303,CLASS - 2,28-302.4,Failure to File Facade Technical Report,OPEN,230,40.6936800,-73.9575700
37023082P,10/19/2022,3348908,171,FRANKLIN AVENUE,BROOKLYN,303,CLASS - 2,28-302.4,Failure to File Facade Technical Report,OPEN,230,40.6937400,-73.9575800
37023090P,10/19/2022,3394166,3064,CONEY ISLAND AVENUE,BROOKLYN,313,CLASS - 2,28-302.4,Failure to File Facade Technical Report,OPEN,230,40.5813600,-73.9602400
37023110N,10/19/2022,3165282,2250,  83 STREET,BROOKLYN,311,CLASS - 2,28-302.4,Failure to File Facade Technical Report,OPEN,230,40.6028100,-73.9911100
37023112R,10/19/2022,2009360,1818,CLAY AVENUE,BRONX,205,CLASS - 2,28-302.4,Failure to File Facade Technical Report,OPEN,230,40.8470400,-73.9043800
37023116Y,10/19/2022,1013693,334,WEST   40 STREET,MANHATTAN,104,CLASS - 2,28-302.4,Failure to File Facade Technical Report,OPEN,230,40.7565300,-73.9927100
37023121Z,10/19/2022,3167929,8714,  21 AVENUE,BROOKLYN,311,CLASS - 2,28-302.4,Failure to File Facade Technical Report,OPEN,230,40.6011100,-73.9987100
37023128L,10/19/2022,3245725,3131,BRIGHTON   13 STREET,BROOKLYN,313,CLASS - 2,28-302.4,Failure to File Facade Technical Report,OPEN,230,40.5766500,-73.9561800
37023130K,10/19/2022,3427285,40,BRIGHTON    1 ROAD,BROOKLYN,313,CLASS - 2,28-302.4,Failure to File Facade Technical Report,OPEN,230,40.5754800,-73.9671100
37023135J,10/19/2022,1012397,520,WEST   27 STREET,MANHATTAN,104,CLASS - 2,28-302.4,Failure to File Facade Technical Report,OPEN,230,40.7505200,-74.0036500
37023149K,10/19/2022,3335928,92,HENRY STREET,BROOKLYN,302,CLASS - 2,28-302.4,Failure to File Facade Technical Report,OPEN,230,40.6978500,-73.9934200
37023161N,10/19/2022,3151695,8105,   4 AVENUE,BROOKLYN,310,CLASS - 2,28-302.4,Failure to File Facade Technical Report,OPEN,230,40.6258800,-74.0267200
37023162P,10/19/2022,3337687,4801,  10 AVENUE,BROOKLYN,312,CLASS - 2,28-302.4,Failure to File Facade Technical Report,OPEN,230,40.6389800,-73.9979000
37023163R,10/19/2022,3337687,1002,  48 STREET,BROOKLYN,312,CLASS - 2,28-302.4,Failure to File Facade Technical Report,OPEN,230,40.6389800,-73.9979000
37023168X,10/19/2022,3326602,1371,LINDEN BOULEVARD,BROOKLYN,316,CLASS - 2,28-302.4,Failure to File Facade Technical Report,OPEN,230,40.6553300,-73.9092700
37023169H,10/19/2022,3326603,1381,LINDEN BOULEVARD,BROOKLYN,316,CLASS - 2,28-302.4,Failure to File Facade Technical Report,OPEN,230,40.6553300,-73.9092700
37023176X,10/19/2022,2015522,2770,KINGSBRIDGE TERRACE,BRONX,208,CLASS - 2,28-302.4,Failure to File Facade Technical Report,OPEN,230,40.8730100,-73.9027600
37023194J,10/19/2022,3196055,2677,COLBY COURT,BROOKLYN,313,CLASS - 2,28-302.4,Failure to File Facade Technical Report,OPEN,230,40.5840600,-73.9725400
37023203M,10/19/2022,3337687,1001,  49 STREET,BROOKLYN,312,CLASS - 2,28-302.4,Failure to File Facade Technical Report,OPEN,230,40.6389800,-73.9979000
37023210K,10/19/2022,3245026,50,BRIGHTON    1 ROAD,BROOKLYN,313,CLASS - 2,28-302.4,Failure to File Facade Technical Report,OPEN,230,40.5754800,-73.9671100
37023220Y,10/19/2022,3124032,29,OCEAN PARKWAY,BROOKLYN,307,CLASS - 2,28-302.4,Failure to File Facade Technical Report,OPEN,230,40.6497900,-73.9741200
37023241N,10/19/2022,3379187,115,LINCOLN ROAD,BROOKLYN,309,CLASS - 2,28-302.4,Failure to File Facade Technical Report,OPEN,230,40.6614600,-73.9586600
37023492H,12/2/2022,1022052,400,   1 AVENUE,MANHATTAN,106,CLASS - 2,28-302.4,Failure to File Facade Technical Report,OPEN,230,40.7370000,-73.9780900
37023495N,12/2/2022,1030341,100,AMSTERDAM AVENUE,MANHATTAN,107,CLASS - 2,28-302.4,Failure to File Facade Technical Report,OPEN,230,40.7742000,-73.9859800
37023501K,12/2/2022,3325588,31,NOSTRAND AVENUE,BROOKLYN,303,CLASS - 2,28-302.4,Failure to File Facade Technical Report,OPEN,230,40.6984800,-73.9515000
37023502M,12/2/2022,3251702,70,CLYMER STREET,BROOKLYN,301,CLASS - 2,28-302.4,Failure to File Facade Technical Report,OPEN,230,40.7049000,-73.9656800
37023508N,12/2/2022,3338601,54,MARCUS GARVEY BOULEVARD,BROOKLYN,303,CLASS - 2,28-302.4,Failure to File Facade Technical Report,OPEN,230,40.6972200,-73.9420400
37023509P,12/2/2022,3325582,552,FLUSHING AVENUE,BROOKLYN,303,CLASS - 2,28-302.4,Failure to File Facade Technical Report,OPEN,230,40.6984800,-73.9515000
37023511Y,12/2/2022,3325581,542,FLUSHING AVENUE,BROOKLYN,303,CLASS - 2,28-302.4,Failure to File Facade Technical Report,OPEN,230,40.6984800,-73.9515000
37023513H,12/2/2022,3325583,452,MARCY AVENUE,BROOKLYN,303,CLASS - 2,28-302.4,Failure to File Facade Technical Report,OPEN,230,40.6984800,-73.9515000
37023514J,12/2/2022,3325584,462,MARCY AVENUE,BROOKLYN,303,CLASS - 2,28-302.4,Failure to File Facade Technical Report,OPEN,230,40.6984800,-73.9515000
37023516N,12/2/2022,3325586,482,MARCY AVENUE,BROOKLYN,303,CLASS - 2,28-302.4,Failure to File Facade Technical Report,OPEN,230,40.6984800,-73.9515000
37023517P,12/2/2022,3044658,150,MALCOLM X BOULEVARD,BROOKLYN,303,CLASS - 2,28-302.4,Failure to File Facade Technical Report,OPEN,230,40.6881200,-73.9307300
37023519Z,12/2/2022,3341752,50,STUYVESANT AVENUE,BROOKLYN,303,CLASS - 2,28-302.4,Failure to File Facade Technical Report,OPEN,230,40.6943800,-73.9351500
37023523L,12/2/2022,3325580,532,FLUSHING AVENUE,BROOKLYN,303,CLASS - 2,28-302.4,Failure to File Facade Technical Report,OPEN,230,40.6984800,-73.9515000
37023524N,12/2/2022,3342263,160,MENAHAN STREET,BROOKLYN,304,CLASS - 2,28-302.4,Failure to File Facade Technical Report,OPEN,230,40.6956400,-73.9188400
37023527Z,12/2/2022,3326545,360,DUMONT AVENUE,BROOKLYN,316,CLASS - 2,28-302.4,Failure to File Facade Technical Report,OPEN,230,40.6635800,-73.9073000
37023530J,12/2/2022,3326546,265,LIVONIA AVENUE,BROOKLYN,316,CLASS - 2,28-302.4,Failure to File Facade Technical Report,OPEN,230,40.6635800,-73.9073000
37023536K,12/2/2022,3076116,330,WILSON AVENUE,BROOKLYN,304,CLASS - 2,28-302.4,Failure to File Facade Technical Report,OPEN,230,40.6956700,-73.9178300
37023540N,12/2/2022,3338437,390,BUSHWICK AVENUE,BROOKLYN,301,CLASS - 2,28-302.4,Failure to File Facade Technical Report,OPEN,230,40.7027500,-73.9391200
37023548H,12/2/2022,3080818,2058,UNION STREET,BROOKLYN,316,CLASS - 2,28-302.4,Failure to File Facade Technical Report,OPEN,230,40.6659500,-73.9217800
37023549J,12/2/2022,2094151,1141,EAST  229 STREET,BRONX,212,CLASS - 2,28-302.4,Failure to File Facade Technical Report,OPEN,230,40.8869000,-73.8438300
37023551Z,12/2/2022,2091474,545,CALHOUN AVENUE,BRONX,210,CLASS - 2,28-302.4,Failure to File Facade Technical Report,OPEN,230,40.8219200,-73.8238800
37023562Y,12/2/2022,2091478,2801,DEWEY AVENUE,BRONX,210,CLASS - 2,28-302.4,Failure to File Facade Technical Report,OPEN,230,40.8219200,-73.8238800
37023573J,12/2/2022,3324599,629,KINGSBOROUGH    6 WALK,BROOKLYN,308,CLASS - 2,28-302.4,Failure to File Facade Technical Report,OPEN,230,40.6755000,-73.9250600
37023579K,12/2/2022,3324600,108,KINGSBOROUGH    1 WALK,BROOKLYN,308,CLASS - 2,28-302.4,Failure to File Facade Technical Report,OPEN,230,40.6755000,-73.9250600
37023587K,12/2/2022,3336076,241,HOYT STREET,BROOKLYN,306,CLASS - 2,28-302.4,Failure to File Facade Technical Report,OPEN,230,40.6829000,-73.9889300
37023591N,12/2/2022,3336075,244,BOND STREET,BROOKLYN,306,CLASS - 2,28-302.4,Failure to File Facade Technical Report,OPEN,230,40.6829000,-73.9889300
37023593R,12/2/2022,3336056,272,WYCKOFF STREET,BROOKLYN,306,CLASS - 2,28-302.4,Failure to File Facade Technical Report,OPEN,230,40.6825400,-73.9838300
37023595K,12/2/2022,2091477,2815,DEWEY AVENUE,BRONX,210,CLASS - 2,28-302.4,Failure to File Facade Technical Report,OPEN,230,40.8219200,-73.8238800
37023613P,12/2/2022,3321409,620,EAST  108 STREET,BROOKLYN,318,CLASS - 2,28-302.4,Failure to File Facade Technical Report,OPEN,230,40.6504500,-73.8961000
37023614R,12/2/2022,3321414,671,EAST  105 STREET,BROOKLYN,318,CLASS - 2,28-302.4,Failure to File Facade Technical Report,OPEN,230,40.6504500,-73.8961000
37023615Z,12/2/2022,3321415,621,EAST  105 STREET,BROOKLYN,318,CLASS - 2,28-302.4,Failure to File Facade Technical Report,OPEN,230,40.6504500,-73.8961000
37023619X,12/2/2022,3344548,3677,NOSTRAND AVENUE,BROOKLYN,315,CLASS - 2,28-302.4,Failure to File Facade Technical Report,OPEN,230,40.5950200,-73.9394000
37023620N,12/2/2022,3326544,340,DUMONT AVENUE,BROOKLYN,316,CLASS - 2,28-302.4,Failure to File Facade Technical Report,OPEN,230,40.6635800,-73.9073000
37023648P,12/2/2022,3344551,2364,BATCHELDER STREET,BROOKLYN,315,CLASS - 2,28-302.4,Failure to File Facade Technical Report,OPEN,230,40.5950200,-73.9394000
37023650Y,12/2/2022,3331085,3112,BAY VIEW AVENUE,BROOKLYN,313,CLASS - 2,28-302.4,Failure to File Facade Technical Report,OPEN,230,40.5789800,-73.9993400
37023656P,12/2/2022,3328129,345,LIVONIA AVENUE,BROOKLYN,316,CLASS - 2,28-302.4,Failure to File Facade Technical Report,OPEN,230,40.6640600,-73.9038800
37023659K,12/2/2022,3328126,430,DUMONT AVENUE,BROOKLYN,316,CLASS - 2,28-302.4,Failure to File Facade Technical Report,OPEN,230,40.6640600,-73.9038800
37023674Z,12/2/2022,3331097,3225,NEPTUNE AVENUE,BROOKLYN,313,CLASS - 2,28-302.4,Failure to File Facade Technical Report,OPEN,230,40.5789800,-73.9993400
37023675K,12/2/2022,3331083,3201,NEPTUNE AVENUE,BROOKLYN,313,CLASS - 2,28-302.4,Failure to File Facade Technical Report,OPEN,230,40.5789800,-73.9993400
37023679H,12/2/2022,3331086,2673,WEST   33 STREET,BROOKLYN,313,CLASS - 2,28-302.4,Failure to File Facade Technical Report,OPEN,230,40.5789800,-73.9993400
37023680P,12/2/2022,3331084,2703,WEST   33 STREET,BROOKLYN,313,CLASS - 2,28-302.4,Failure to File Facade Technical Report,OPEN,230,40.5789800,-73.9993400
37023681R,12/2/2022,3331098,2719,WEST   33 STREET,BROOKLYN,313,CLASS - 2,28-302.4,Failure to File Facade Technical Report,OPEN,230,40.5789800,-73.9993400
37023684M,12/2/2022,3331096,2737,WEST   33 STREET,BROOKLYN,313,CLASS - 2,28-302.4,Failure to File Facade Technical Report,OPEN,230,40.5789800,-73.9993400
37023782X,12/2/2022,2008603,1886,HARRISON AVENUE,BRONX,205,CLASS - 2,28-302.4,Failure to File Facade Technical Report,OPEN,230,40.8522100,-73.9116100
37023815N,12/2/2022,2092608,1704,RANDALL AVENUE,BRONX,209,CLASS - 2,28-302.4,Failure to File Facade Technical Report,OPEN,230,40.8156600,-73.8667300
37023855H,12/2/2022,2091098,340,ALEXANDER AVENUE,BRONX,201,CLASS - 2,28-302.4,Failure to File Facade Technical Report,OPEN,230,40.8121100,-73.9221600
37023876R,12/2/2022,3344549,2976,AVENUE W,BROOKLYN,315,CLASS - 2,28-302.4,Failure to File Facade Technical Report,OPEN,230,40.5950200,-73.9394000
37023899J,12/2/2022,3345662,1,  43 STREET,BROOKLYN,307,CLASS - 2,28-302.4,Failure to File Facade Technical Report,OPEN,230,40.6567900,-74.0169800
37023900H,12/2/2022,3345662,1,  43 STREET,BROOKLYN,307,CLASS - 2,28-302.4,Failure to File Facade Technical Report,OPEN,230,40.6567900,-74.0169800
37023901J,12/2/2022,3345662,1,  43 STREET,BROOKLYN,307,CLASS - 2,28-302.4,Failure to File Facade Technical Report,OPEN,230,40.6567900,-74.0169800
37023902L,12/2/2022,3345662,1,  43 STREET,BROOKLYN,307,CLASS - 2,28-302.4,Failure to File Facade Technical Report,OPEN,230,40.6567900,-74.0169800
37023903N,12/2/2022,3251647,39,AUBURN PLACE,BROOKLYN,302,CLASS - 2,28-302.4,Failure to File Facade Technical Report,OPEN,230,40.6955000,-73.9768200
37023905R,12/2/2022,3327720,604,WINTHROP STREET,BROOKLYN,309,CLASS - 2,28-302.4,Failure to File Facade Technical Report,OPEN,230,40.6566300,-73.9441500
37023923K,12/2/2022,1059526,425,WEST  123 STREET,MANHATTAN,109,CLASS - 2,28-302.4,Failure to File Facade Technical Report,OPEN,230,40.8107900,-73.9557300
37023936J,12/2/2022,3330082,60,WEST STREET,BROOKLYN,301,CLASS - 2,28-302.4,Failure to File Facade Technical Report,OPEN,230,40.7287100,-73.9586000
37023944J,12/2/2022,2110145,3535,KINGS COLLEGE PLACE,BRONX,207,CLASS - 2,28-302.4,Failure to File Facade Technical Report,OPEN,230,40.8810300,-73.8758400
37024013X,12/2/2022,3210674,2016,AVENUE N,BROOKLYN,314,CLASS - 2,28-302.4,Failure to File Facade Technical Report,OPEN,230,40.6159500,-73.9537900
37024040L,12/2/2022,3230968,1625,ROCKAWAY PARKWAY,BROOKLYN,318,CLASS - 2,28-302.4,Failure to File Facade Technical Report,OPEN,230,40.6416100,-73.8978600
37024057H,12/2/2022,3211212,2828,KINGS HIGHWAY,BROOKLYN,315,CLASS - 2,28-302.4,Failure to File Facade Technical Report,OPEN,230,40.6148200,-73.9458800
37024105N,12/2/2022,1071617,242,EAST   46 STREET,MANHATTAN,106,CLASS - 2,28-302.4,Failure to File Facade Technical Report,OPEN,230,40.7524700,-73.9711600
37024173P,12/2/2022,2042138,2475,ST RAYMOND AVENUE,BRONX,210,CLASS - 2,28-302.4,Failure to File Facade Technical Report,OPEN,230,40.8407100,-73.8484400
37024185M,12/2/2022,1052285,123,EAST  116 STREET,MANHATTAN,111,CLASS - 2,28-302.4,Failure to File Facade Technical Report,OPEN,230,40.7991000,-73.9419900
37024208X,12/2/2022,1062436,3601,BROADWAY,MANHATTAN,109,CLASS - 2,28-302.4,Failure to File Facade Technical Report,OPEN,230,40.8286200,-73.9493500
37024210P,12/2/2022,2002440,1205,COLLEGE AVENUE,BRONX,204,CLASS - 2,28-302.4,Failure to File Facade Technical Report,OPEN,230,40.8329200,-73.9136300
37024211R,12/2/2022,1062472,640,WEST  153 STREET,MANHATTAN,109,CLASS - 2,28-302.4,Failure to File Facade Technical Report,OPEN,230,40.8320000,-73.9486100
37024225H,12/2/2022,2002602,1185,MORRIS AVENUE,BRONX,204,CLASS - 2,28-302.4,Failure to File Facade Technical Report,OPEN,230,40.8329000,-73.9146700
37024234J,12/2/2022,2012651,730,OAKLAND PLACE,BRONX,206,CLASS - 2,28-302.4,Failure to File Facade Technical Report,OPEN,230,40.8463600,-73.8881800
37024235L,12/2/2022,3122655,829,GREENWOOD AVENUE,BROOKLYN,307,CLASS - 2,28-302.4,Failure to File Facade Technical Report,OPEN,230,40.6528900,-73.9733900
37024258Y,12/2/2022,3392865,880,BERGEN STREET,BROOKLYN,308,CLASS - 2,28-302.4,Failure to File Facade Technical Report,OPEN,230,40.6768500,-73.9583300
37024268H,12/2/2022,2102975,1945,EASTCHESTER ROAD,BRONX,211,CLASS - 2,28-302.4,Failure to File Facade Technical Report,OPEN,230,40.8524400,-73.8444400
37024288P,12/2/2022,2003093,1275,EDWARD L GRANT HIGHWAY,BRONX,204,CLASS - 2,28-302.4,Failure to File Facade Technical Report,OPEN,230,40.8381800,-73.9225200
37024304X,12/2/2022,1063259,625,WEST  156 STREET,MANHATTAN,112,CLASS - 2,28-302.4,Failure to File Facade Technical Report,OPEN,230,40.8342700,-73.9467300
37024306J,12/2/2022,1063274,801,RIVERSIDE DRIVE,MANHATTAN,112,CLASS - 2,28-302.4,Failure to File Facade Technical Report,OPEN,230,40.8351800,-73.9469300
37024320X,12/2/2022,1063325,665,WEST  160 STREET,MANHATTAN,112,CLASS - 2,28-302.4,Failure to File Facade Technical Report,OPEN,230,40.8372500,-73.9460400
37024332N,12/2/2022,1063423,50,HAVEN AVENUE,MANHATTAN,112,CLASS - 2,28-302.4,Failure to File Facade Technical Report,OPEN,230,40.8433700,-73.9432900
37024346Y,12/2/2022,2003518,1261,MERRIAM AVENUE,BRONX,204,CLASS - 2,28-302.4,Failure to File Facade Technical Report,OPEN,230,40.8392500,-73.9265400
37024387K,12/2/2022,3413736,265,WORTMAN AVENUE,BROOKLYN,305,CLASS - 2,28-302.4,Failure to File Facade Technical Report,OPEN,230,40.6577200,-73.8832100
37024408K,12/2/2022,3163921,2155,  82 STREET,BROOKLYN,311,CLASS - 2,28-302.4,Failure to File Facade Technical Report,OPEN,230,40.6048100,-73.9919700
37024454L,12/9/2022,3394276,535,KENT AVENUE,BROOKLYN,301,CLASS - 2,28-302.4,Failure to File Facade Technical Report,OPEN,230,40.7053100,-73.9675000
37024455N,12/9/2022,3394277,525,KENT AVENUE,BROOKLYN,301,CLASS - 2,28-302.4,Failure to File Facade Technical Report,OPEN,230,40.7056000,-73.9676100
37024458Z,12/9/2022,1014295,208,WEST   30 STREET,MANHATTAN,105,CLASS - 2,28-302.4,Failure to File Facade Technical Report,OPEN,230,40.7485700,-73.9932500
37024459K,12/9/2022,1014303,242,WEST   30 STREET,MANHATTAN,105,CLASS - 2,28-302.4,Failure to File Facade Technical Report,OPEN,230,40.7491000,-73.9945200
37024468M,12/9/2022,1014417,254,WEST   35 STREET,MANHATTAN,105,CLASS - 2,28-302.4,Failure to File Facade Technical Report,OPEN,230,40.7523500,-73.9923600
37024493Y,12/9/2022,3394741,134,WEST END AVENUE,BROOKLYN,315,CLASS - 2,28-302.4,Failure to File Facade Technical Report,OPEN,230,40.5784400,-73.9535100
37024506Y,12/9/2022,3184662,3165,NOSTRAND AVENUE,BROOKLYN,315,CLASS - 2,28-302.4,Failure to File Facade Technical Report,OPEN,230,40.6067000,-73.9427400
37024538Z,12/9/2022,2014941,2300,LORING PLACE,BRONX,207,CLASS - 2,28-302.4,Failure to File Facade Technical Report,OPEN,230,40.8615600,-73.9081600
37024553R,12/9/2022,3205069,3025,OCEAN AVENUE,BROOKLYN,315,CLASS - 2,28-302.4,Failure to File Facade Technical Report,OPEN,230,40.5873800,-73.9487600
37024582X,12/9/2022,1015273,108,WEST   39 STREET,MANHATTAN,105,CLASS - 2,28-302.4,Failure to File Facade Technical Report,OPEN,230,40.7529900,-73.9862200
37024603X,12/9/2022,3425392,1256,OCEAN AVENUE,BROOKLYN,314,CLASS - 2,28-302.4,Failure to File Facade Technical Report,OPEN,230,40.6315900,-73.9579200
37024628M,12/9/2022,2015687,235,WEST KINGSBRIDGE ROAD,BRONX,208,CLASS - 2,28-302.4,Failure to File Facade Technical Report,OPEN,230,40.8725100,-73.9040800
37024632P,12/9/2022,3245719,161,CORBIN PLACE,BROOKLYN,315,CLASS - 2,28-302.4,Failure to File Facade Technical Report,OPEN,230,40.5777700,-73.9538300
37024646X,12/9/2022,2015864,2805,HEATH AVENUE,BRONX,208,CLASS - 2,28-302.4,Failure to File Facade Technical Report,OPEN,230,40.8730000,-73.9047700
37024658N,12/9/2022,1016110,99,   5 AVENUE,MANHATTAN,105,CLASS - 2,28-302.4,Failure to File Facade Technical Report,OPEN,230,40.7380000,-73.9917700
37024741Y,12/9/2022,1056657,960,AMSTERDAM AVENUE,MANHATTAN,107,CLASS - 2,28-302.4,Failure to File Facade Technical Report,OPEN,230,40.8013700,-73.9654300
37024745L,12/9/2022,2086691,1876,BELMONT AVENUE,BRONX,206,CLASS - 2,28-302.4,Failure to File Facade Technical Report,OPEN,230,40.8444700,-73.8928100
37024746N,12/9/2022,3116695,171,LINDEN BOULEVARD,BROOKLYN,317,CLASS - 2,28-302.4,Failure to File Facade Technical Report,OPEN,230,40.6528200,-73.9521400
37024747P,12/9/2022,3116719,61,MARTENSE STREET,BROOKLYN,314,CLASS - 2,28-302.4,Failure to File Facade Technical Report,OPEN,230,40.6516000,-73.9569900
37024783M,12/9/2022,3397070,1,MIDDLETON STREET,BROOKLYN,301,CLASS - 2,28-302.4,Failure to File Facade Technical Report,OPEN,230,40.7000700,-73.9561000
37024792Y,12/9/2022,1017120,1,EAST   35 STREET,MANHATTAN,105,CLASS - 2,28-302.4,Failure to File Facade Technical Report,OPEN,230,40.7490600,-73.9833900
37024798P,12/9/2022,2017136,2701,VALENTINE AVENUE,BRONX,207,CLASS - 2,28-302.4,Failure to File Facade Technical Report,OPEN,230,40.8667600,-73.8927200
37024816J,12/9/2022,1007248,525,BROADWAY,MANHATTAN,102,CLASS - 2,28-302.4,Failure to File Facade Technical Report,OPEN,230,40.7230400,-73.9991700
37024860R,12/9/2022,1027461,61,WEST   62 STREET,MANHATTAN,107,CLASS - 2,28-302.4,Failure to File Facade Technical Report,OPEN,230,40.7711100,-73.9828300
37024918K,12/9/2022,3397828,143,SKILLMAN AVENUE,BROOKLYN,301,CLASS - 2,28-302.4,Failure to File Facade Technical Report,OPEN,230,40.7161100,-73.9454300
37024921L,12/9/2022,3397860,431,GRAND STREET,BROOKLYN,301,CLASS - 2,28-302.4,Failure to File Facade Technical Report,OPEN,230,40.7117500,-73.9533700
37024925Z,12/9/2022,3247881,2800,COYLE STREET,BROOKLYN,315,CLASS - 2,28-302.4,Failure to File Facade Technical Report,OPEN,230,40.5852000,-73.9345100
37024926K,12/9/2022,1012223,450,WEST   14 STREET,MANHATTAN,102,CLASS - 2,28-302.4,Failure to File Facade Technical Report,OPEN,230,40.7416800,-74.0078300
37024952Y,12/9/2022,3328018,585,BLAKE AVENUE,BROOKLYN,305,CLASS - 2,28-302.4,Failure to File Facade Technical Report,OPEN,230,40.6682400,-73.8974500
37024968Z,12/9/2022,2008144,1501,TOWNSEND AVENUE,BRONX,204,CLASS - 2,28-302.4,Failure to File Facade Technical Report,OPEN,230,40.8423300,-73.9153700
37025022M,12/9/2022,3398501,5,MIDDLETON STREET,BROOKLYN,301,CLASS - 2,28-302.4,Failure to File Facade Technical Report,OPEN,230,40.7001500,-73.9559600
37025030M,12/9/2022,2008582,1804,HARRISON AVENUE,BRONX,205,CLASS - 2,28-302.4,Failure to File Facade Technical Report,OPEN,230,40.8502300,-73.9137600
37025034J,12/9/2022,1058613,2294,   8 AVENUE,MANHATTAN,110,CLASS - 2,28-302.4,Failure to File Facade Technical Report,OPEN,230,40.8089600,-73.9516500
37025042J,12/9/2022,2018651,3522,DECATUR AVENUE,BRONX,207,CLASS - 2,28-302.4,Failure to File Facade Technical Report,OPEN,230,40.8796200,-73.8719100
37025053P,12/9/2022,3388748,268,WALLABOUT STREET,BROOKLYN,301,CLASS - 2,28-302.4,Failure to File Facade Technical Report,OPEN,230,40.7000400,-73.9522900
37025054R,12/9/2022,3388749,290,WALLABOUT STREET,BROOKLYN,301,CLASS - 2,28-302.4,Failure to File Facade Technical Report,OPEN,230,40.7001600,-73.9512900
37025059X,12/9/2022,3118769,385,EAST   16 STREET,BROOKLYN,314,CLASS - 2,28-302.4,Failure to File Facade Technical Report,OPEN,230,40.6411300,-73.9631800
37025078L,12/9/2022,3338885,160,WILLOUGHBY STREET,BROOKLYN,302,CLASS - 2,28-302.4,Failure to File Facade Technical Report,OPEN,230,40.6918500,-73.9810900
37025150R,12/9/2022,3399550,516,HERKIMER STREET,BROOKLYN,303,CLASS - 2,28-302.4,Failure to File Facade Technical Report,OPEN,230,40.6785600,-73.9363900
37025157J,12/9/2022,1009617,70,   5 AVENUE,MANHATTAN,102,CLASS - 2,28-302.4,Failure to File Facade Technical Report,OPEN,230,40.7353900,-73.9947900
37025170Y,12/9/2022,1059664,524,WEST  122 STREET,MANHATTAN,109,CLASS - 2,28-302.4,Failure to File Facade Technical Report,OPEN,230,40.8111300,-73.9600600
37025171X,12/9/2022,1059665,526,WEST  122 STREET,MANHATTAN,109,CLASS - 2,28-302.4,Failure to File Facade Technical Report,OPEN,230,40.8111900,-73.9601900
37025173J,12/9/2022,1059666,530,WEST  122 STREET,MANHATTAN,109,CLASS - 2,28-302.4,Failure to File Facade Technical Report,OPEN,230,40.8112400,-73.9603300
37025191N,12/9/2022,3399868,18,LYNCH STREET,BROOKLYN,301,CLASS - 2,28-302.4,Failure to File Facade Technical Report,OPEN,230,40.7001400,-73.9565000
39036732N,2/25/2021,3054395,154,WASHINGTON AVENUE,BROOKLYN,302,CLASS - 1,AC    28-302.1,Failure to Maintain Building Walls,OPEN,104,40.6940700,-73.9672900
39037375Z,3/9/2021,2013954,2085,MORRIS AVENUE,BRONX,205,CLASS - 1,AC    28-302.1,Failure to Maintain Building Walls,OPEN,104,40.8542000,-73.9049800
39040649Y,5/5/2021,2053670,2758,HOLLAND AVENUE,BRONX,211,CLASS - 1,AC    28-302.1,Failure to Maintain Building Walls,OPEN,104,40.8676000,-73.8650500
39042748Z,6/11/2021,3008453,721,HENRY STREET,BROOKLYN,306,CLASS - 1,AC    28-302.1,Failure to Maintain Building Walls,OPEN,104,40.6763000,-74.0029100
39044698Z,7/20/2021,3334738,551,MYRTLE AVENUE,BROOKLYN,302,CLASS - 1,AC    28-302.1,Failure to Maintain Building Walls,OPEN,104,40.6941100,-73.9621000
39044732N,7/21/2021,3044525,125,MALCOLM X BOULEVARD,BROOKLYN,303,CLASS - 1,AC    28-302.1,Failure to Maintain Building Walls,OPEN,104,40.6892100,-73.9300500
39045473M,8/4/2021,3397925,209,EAST   55 STREET,BROOKLYN,317,CLASS - 1,AC    28-302.1,Failure to Maintain Building Walls,OPEN,104,40.6526900,-73.9254800
39045648P,8/6/2021,3392477,452,BERRY STREET,BROOKLYN,301,CLASS - 1,AC    28-302.1,Failure to Maintain Building Walls,OPEN,104,40.7078100,-73.9663900
39048524R,9/30/2021,3122873,800,GREENWOOD AVENUE,BROOKLYN,307,CLASS - 1,AC    28-302.1,Failure to Maintain Building Walls,OPEN,104,40.6519700,-73.9736000
39052730J,12/13/2021,3199980,4190,BEDFORD AVENUE,BROOKLYN,315,CLASS - 1,AC    28-302.1,Failure to Maintain Building Walls,OPEN,104,40.5996100,-73.9471000
39054600K,1/20/2022,3334972,197,FRANKLIN AVENUE,BROOKLYN,303,CLASS - 1,AC    28-302.1,Failure to Maintain Building Walls,OPEN,104,40.6926800,-73.9573800
39057755Z,3/10/2022,3245425,105,BRIGHTON   11 STREET,BROOKLYN,313,CLASS - 1,AC    28-302.1,Failure to Maintain Building Walls,OPEN,104,40.5800200,-73.9573300
39060916H,4/24/2022,3392477,452,BERRY STREET,BROOKLYN,301,CLASS - 1,AC    28-302.1,Failure to Maintain Building Walls,OPEN,104,40.7078100,-73.9663900
39060942L,4/25/2022,3001744,161,COLUMBIA HEIGHTS,BROOKLYN,302,CLASS - 1,AC    28-302.1,Failure to Maintain Building Walls,OPEN,104,40.6975700,-73.9964000
39062550L,5/20/2022,3004248,212,COLUMBIA STREET,BROOKLYN,306,CLASS - 1,AC    28-302.1,Failure to Maintain Building Walls,OPEN,104,40.6848800,-74.0030600
39068422Y,8/19/2022,3002633,64,LIVINGSTON STREET,BROOKLYN,302,CLASS - 1,AC    28-302.1,Failure to Maintain Building Walls,OPEN,104,40.6915700,-73.9920700
39068426L,8/19/2022,3002634,66,LIVINGSTON STREET,BROOKLYN,302,CLASS - 1,AC    28-302.1,Failure to Maintain Building Walls,OPEN,104,40.6916200,-73.9919700
39068438Z,8/19/2022,2114959,1739,MANSION STREET,BRONX,209,CLASS - 1,AC    28-302.1,Failure to Maintain Building Walls,OPEN,104,40.8381000,-73.8702100
39069179H,8/31/2022,3144056,6324,   4 AVENUE,BROOKLYN,307,CLASS - 1,AC    28-302.1,Failure to Maintain Building Walls,OPEN,104,40.6388900,-74.0209500
39069908Z,9/13/2022,3037205,1630,ST JOHNS PLACE,BROOKLYN,308,CLASS - 1,AC    28-302.1,Failure to Maintain Building Walls,OPEN,104,40.6699000,-73.9236900
39071128K,9/29/2022,3047630,448,DECATUR STREET,BROOKLYN,303,CLASS - 1,AC    28-302.1,Failure to Maintain Building Walls,OPEN,104,40.6822000,-73.9249000
39072321R,10/19/2022,3255870,670,MARCY AVENUE,BROOKLYN,303,CLASS - 1,AC    28-302.1,Failure to Maintain Building Walls,OPEN,104,40.6912000,-73.9494400
39074441K,11/24/2022,3188557,3840,LYME AVENUE,BROOKLYN,313,CLASS - 1,AC    28-302.1,Failure to Maintain Building Walls,OPEN,104,40.5769500,-74.0071800
39076845X,1/3/2023,3152095,8201,   4 AVENUE,BROOKLYN,310,CLASS - 1,AC    28-302.1,Failure to Maintain Building Walls,OPEN,104,40.6253600,-74.0269200
39082066H,3/23/2023,3196275,2781,STILLWELL AVENUE,BROOKLYN,313,CLASS - 1,AC    28-302.1,Failure to Maintain Building Walls,OPEN,104,40.5795800,-73.9816700
39082763N,3/31/2023,3245098,3091,BRIGHTON    5 STREET,BROOKLYN,313,CLASS - 1,AC    28-302.1,Failure to Maintain Building Walls,OPEN,104,40.5767400,-73.9619400
39082988Y,4/4/2023,2014203,2200,GRAND AVENUE,BRONX,205,CLASS - 1,AC    28-302.1,Failure to Maintain Building Walls,OPEN,104,40.8578000,-73.9061400
39083032Y,4/5/2023,3037375,1181,EASTERN PARKWAY,BROOKLYN,308,CLASS - 1,AC    28-302.1,Failure to Maintain Building Walls,OPEN,104,40.6691500,-73.9292200
39083985N,4/17/2023,3147904,447,  74 STREET,BROOKLYN,310,CLASS - 1,AC    28-302.1,Failure to Maintain Building Walls,OPEN,104,40.6310400,-74.0233100
39085043Z,4/30/2023,2013529,2088,RYER AVENUE,BRONX,205,CLASS - 1,AC    28-302.1,Failure to Maintain Building Walls,OPEN,104,40.8531300,-73.9004900
39085044K,4/30/2023,2013530,2092,RYER AVENUE,BRONX,205,CLASS - 1,AC    28-302.1,Failure to Maintain Building Walls,OPEN,104,40.8531900,-73.9004700
39089048X,6/23/2023,3039561,544,HOWARD AVENUE,BROOKLYN,316,CLASS - 1,AC    28-302.1,Failure to Maintain Building Walls,OPEN,104,40.6690400,-73.9203600
39091160Z,7/27/2023,3125878,1529,  39 STREET,BROOKLYN,312,CLASS - 1,AC    28-302.1,Failure to Maintain Building Walls,OPEN,104,40.6376700,-73.9809000
39091634L,8/2/2023,2005138,663,DAWSON STREET,BRONX,202,CLASS - 1,AC    28-302.1,Failure to Maintain Building Walls,OPEN,104,40.8164800,-73.9026300
39095440L,9/21/2023,3123273,1353,  41 STREET,BROOKLYN,312,CLASS - 1,AC    28-302.1,Failure to Maintain Building Walls,OPEN,104,40.6388400,-73.9858900
39096154P,9/29/2023,3172590,1556,DAHILL ROAD,BROOKLYN,311,CLASS - 1,AC    28-302.1,Failure to Maintain Building Walls,OPEN,104,40.6102900,-73.9746600
39097128X,10/16/2023,2001296,494,EAST  167 STREET,BRONX,203,CLASS - 1,AC    28-302.1,Failure to Maintain Building Walls,OPEN,104,40.8294500,-73.9072300
39097510R,10/20/2023,3200641,2276,EAST   13 STREET,BROOKLYN,315,CLASS - 1,AC    28-302.1,Failure to Maintain Building Walls,OPEN,104,40.5945900,-73.9576300
39101342X,12/13/2023,3118320,365,EAST   12 STREET,BROOKLYN,314,CLASS - 1,AC    28-302.1,Failure to Maintain Building Walls,OPEN,104,40.6403800,-73.9668400
39101897J,12/20/2023,3039567,556,HOWARD AVENUE,BROOKLYN,316,CLASS - 1,AC    28-302.1,Failure to Maintain Building Walls,OPEN,104,40.6687200,-73.9204900
39518009X,6/20/2023,2057792,3609,HOLLAND AVENUE,BRONX,212,CLASS - 1,AC    28-302.1,Failure to Maintain Building Walls,OPEN,104,40.8792100,-73.8638800
39518038P,6/21/2023,3189573,1724,MERMAID AVENUE,BROOKLYN,313,CLASS - 1,AC    28-302.1,Failure to Maintain Building Walls,OPEN,104,40.5763000,-73.9855000
39518196K,6/23/2023,1060466,256,WEST  145 STREET,MANHATTAN,110,CLASS - 1,AC    28-302.1,Failure to Maintain Building Walls,OPEN,104,40.8222100,-73.9411900
39518309H,6/23/2023,3031197,732,PROSPECT PLACE,BROOKLYN,308,CLASS - 1,AC    28-302.1,Failure to Maintain Building Walls,OPEN,104,40.6741600,-73.9522800
39518407L,6/28/2023,3152095,8201,   4 AVENUE,BROOKLYN,310,CLASS - 1,AC    28-302.1,Failure to Maintain Building Walls,OPEN,104,40.6253600,-74.0269200
39518551X,6/29/2023,3199980,4190,BEDFORD AVENUE,BROOKLYN,315,CLASS - 1,AC    28-302.1,Failure to Maintain Building Walls,OPEN,104,40.5996100,-73.9471000
39518822Z,7/6/2023,3047630,448,DECATUR STREET,BROOKLYN,303,CLASS - 1,AC    28-302.1,Failure to Maintain Building Walls,OPEN,104,40.6822000,-73.9249000
